<?xml version="1.0" encoding="UTF-8"?>
<project-private xmlns="http://www.netbeans.org/ns/project-private/1">
    <editor-bookmarks xmlns="http://www.netbeans.org/ns/editor-bookmarks/2" lastBookmarkId="0"/>
    <open-files xmlns="http://www.netbeans.org/ns/projectui-open-files/2">
        <group>
            <file>file:/C:/Users/emanu/Desktop/projetoo/src/CadastrarCliente.java</file>
            <file>file:/C:/Users/emanu/Desktop/projetoo/src/Historico.java</file>
            <file>file:/C:/Users/emanu/Desktop/projetoo/src/Alterar.java</file>
            <file>file:/C:/Users/emanu/Desktop/projetoo/src/ListarFuncionario.java</file>
            <file>file:/C:/Users/emanu/Desktop/projetoo/src/Contato.java</file>
            <file>file:/C:/Users/emanu/Desktop/projetoo/src/CadastrarTicket.java</file>
            <file>file:/C:/Users/emanu/Desktop/projetoo/src/Loginn.java</file>
            <file>file:/C:/Users/emanu/Desktop/projetoo/src/Menuu.java</file>
            <file>file:/C:/Users/emanu/Desktop/projetoo/src/BuscarFuncionario.java</file>
            <file>file:/C:/Users/emanu/Desktop/projetoo/src/CadastrarFuncionario.java</file>
            <file>file:/C:/Users/emanu/Desktop/projetoo/src/ListarCliente.java</file>
        </group>
    </open-files>
</project-private>
